{"cameraMode":{"drawMode":0,"name":"Shaded","section":"Shading Mode"},"sceneLighting":true,"audioPlay":false,"sceneViewState":{"m_AlwaysRefresh":false,"showFog":true,"showSkybox":true,"showFlares":true,"showImageEffects":true,"showParticleSystems":true,"showVisualEffectGraphs":true,"m_FxEnabled":true},"in2DMode":false,"pivot":{"x":-1.0129146575927735,"y":1.4799995422363282,"z":1.0359280109405518},"rotation":{"x":0.14962734282016755,"y":-0.6233528256416321,"z":0.12312228977680206,"w":0.7575811147689819},"size":12.12435531616211,"orthographic":false}